decision,notes,project_id,project_name,canonical_address,field,current_value,resolved_value,rule_applied,resolution_confidence,project_confidence,delta_shape,last_evidence_date,evidence_count,supporting_evidence_count,evidence_ids,winning_source_type,winning_source_tier,winning_evidence_date,winning_collected_at,winning_source_record_id,raw_value,canonical_name,match_type,match_score,requires_review,review_cluster
,,7b8d4db6-1aec-4dc6-bc10-8270d34cf732,Lake on Wilshire,1930 WEST WILSHIRE BOULEVARD LOS ANGELES CA 90057,developer,Rojas Revocable Family Trust,Walter J. Samson,most_recent_wins_canonicalized,high,low,value_changed,2026-04-16,2,1,"[""bb2fd7b3-f2bc-41fb-aa62-59c524041c4c""]",costar,3,2026-04-16,2026-04-16T04:19:10.855014+00:00,10185726,Walter J Company,Walter J. Samson,fuzzy_auto,100.0,false,
,,0049e891-2bb3-44b9-8030-bd5d381a64d0,,12757 MITCHELL AVENUE LOS ANGELES CA 90066,developer,Helio / UCLA,Beach City Capital LLC,most_recent_wins_canonicalization_review_required,medium,low,value_changed,2026-04-16,1,1,"[""7ad9f728-ac66-40a2-a105-180bd1395b1d""]",costar,3,2026-04-16,2026-04-16T04:19:10.855014+00:00,11079100,Beach City Capital LLC,Beach City Capital LLC,new_registry_entry,,true,helio_ucla
,,45e8e6d4-e97c-4d93-a997-19173cd84ba1,,9750 AIRPORT BOULEVARD LOS ANGELES CA 90045,developer,Helio / UCLA,Capital Insight,most_recent_wins_canonicalization_review_required,medium,low,value_changed,2026-04-16,1,1,"[""abba0c88-0b6a-46aa-91ec-2b42511c1b94""]",costar,3,2026-04-16,2026-04-16T04:19:10.855014+00:00,21375778,Capital Insight,Capital Insight,new_registry_entry,,true,helio_ucla
,,612367ad-f5be-403d-8335-88a6c0c60237,York Lofts,5633-5637 YORK BOULEVARD LOS ANGELES CA 90042,developer,Helio / UCLA,Madison Capital Group,most_recent_wins_canonicalization_review_required,medium,low,value_changed,2026-04-16,1,1,"[""886738fa-370c-42bd-9156-7ab15ee0ce42""]",costar,3,2026-04-16,2026-04-16T04:19:10.855014+00:00,10160599,Madison Capital Group,Madison Capital Group,new_registry_entry,,true,helio_ucla
,,218720e5-d4f5-44d6-b225-b8e275bedb21,,6239 BANNER AVENUE LOS ANGELES CA 90038,developer,Helio / UCLA,"Onward Capital, Inc.",most_recent_wins_canonicalization_review_required,medium,low,value_changed,2026-04-16,1,1,"[""9c2c04f7-0d50-453a-beca-b811de6bf4db""]",costar,3,2026-04-16,2026-04-16T04:19:10.855014+00:00,20916337,"Onward Capital, Inc.","Onward Capital, Inc.",new_registry_entry,,true,helio_ucla
,,4d18ac33-d568-49eb-952c-fb521b22b3e6,,142 EAST VERNON AVENUE LOS ANGELES CA 90011,developer,Helio / UCLA,Pacific Integrated Capital,most_recent_wins_canonicalization_review_required,medium,low,value_changed,2026-04-16,1,1,"[""4ec89511-59b1-4260-a006-f3127e7dd6de""]",costar,3,2026-04-16,2026-04-16T04:19:10.855014+00:00,11198084,Pacific Integrated Capital,Pacific Integrated Capital,new_registry_entry,,true,helio_ucla
,,33f4e566-eae8-40a6-b258-09a26bb067ef,,2511 WEST SUNSET BOULEVARD LOS ANGELES CA 90026,developer,Helio / UCLA,Six Peak Capital,most_recent_wins_canonicalization_review_required,medium,low,value_changed,2026-04-16,1,1,"[""14dc0bc8-ec85-41db-8eac-8332aef902af""]",costar,3,2026-04-16,2026-04-16T04:19:10.855014+00:00,20291659,Six Peak Capital,Six Peak Capital,new_registry_entry,,true,helio_ucla
,,14035c96-23f9-40f0-ac8e-2cb1ffcdc35a,,9033 RAMSGATE AVENUE LOS ANGELES CA 90045,developer,Helio / UCLA,Six Peak Capital,most_recent_wins_canonicalization_review_required,medium,low,value_changed,2026-04-16,2,1,"[""352f9ccb-ea92-4457-9de8-a5a4b7ad275c""]",costar,3,2026-04-16,2026-04-16T04:19:10.855014+00:00,21478382,Six Peak Capital,Six Peak Capital,new_registry_entry,,true,helio_ucla
,,39735360-f786-4db5-9a62-2502e7e7ae4f,3547 S Overland Ave,3555 OVERLAND AVENUE LOS ANGELES CA 90034,developer,Helio / UCLA,"Starkwood, Inc.",most_recent_wins_canonicalization_review_required,high,low,value_changed,2026-04-16,2,1,"[""ad109854-2eeb-4473-a4c6-ec8b0b0dd9fc""]",costar,3,2026-04-16,2026-04-16T04:19:10.855014+00:00,11106674,"Starkwood, Inc.","Starkwood, Inc.",new_registry_entry,,true,helio_ucla
,,6948db7e-b3b7-4c0f-b2ff-aa93cc881de0,Melrose Crossing,7000 WEST MELROSE AVENUE LOS ANGELES CA 90036,developer,Helio / UCLA,Tiger West Capital,most_recent_wins_canonicalization_review_required,high,low,value_changed,2026-04-16,2,1,"[""4c871a5c-3595-4dc7-ba2b-aefa4fd8b4ac""]",costar,3,2026-04-16,2026-04-16T04:19:10.855014+00:00,9779081,Tiger West Capital,Tiger West Capital,new_registry_entry,,true,helio_ucla
,,174a53ae-cc5d-4203-9185-5ab4eac15f4f,Broadway Trade Center,801 SOUTH BROADWAY LOS ANGELES CA 90014,developer,Helio / UCLA,"Waterbridge Capital, LLC",most_recent_wins_canonicalization_review_required,medium,low,value_changed,2026-04-16,2,1,"[""920e2b0e-3b46-494e-9a8b-4f896f4009b9""]",costar,3,2026-04-16,2026-04-16T04:19:10.452230+00:00,9496758,"Waterbridge Capital, LLC","Waterbridge Capital, LLC",new_registry_entry,,true,helio_ucla
,,6af4bbb4-ebfe-411c-81d1-bf07aaa11d6f,985 S 3rd Ave,3609 WEST OLYMPIC BOULEVARD LOS ANGELES CA 90019,developer,985 LLC,J R Construction,most_recent_wins_canonicalization_review_required,high,low,value_changed,2026-04-16,2,1,"[""dfd03983-93d3-46c0-8c2d-196c89104281""]",costar,3,2026-04-16,2026-04-16T04:19:10.855014+00:00,10682756,J R Construction,J R Construction,new_registry_entry,,true,
,,b5775a3e-8bad-4386-8931-1a18896fe3f2,Building F,3731 SANTA ROSALIA DRIVE LOS ANGELES CA 90008,developer,Appa Real Estate,4S Bay Partners LLC,most_recent_wins_canonicalization_review_required,low,low,value_changed,2026-04-16,2,1,"[""50afc1f2-6ba9-43e9-9155-b25302a2561e""]",costar,3,2025-09-01,2026-04-16T04:19:10.452230+00:00,20874168,4S Bay Partners LLC,4S Bay Partners LLC,new_registry_entry,,true,
,,e0faf4b8-c7ad-4d4d-a75b-cee8a4bbdc6b,Building E,3751 WEST STOCKER STREET LOS ANGELES CA 90008,developer,Appa Real Estate,4S Bay Partners LLC,most_recent_wins_canonicalization_review_required,low,low,value_changed,2025-09-01,1,1,"[""829745fa-537f-4bcc-b77f-3c17c5f275b9""]",costar,3,2025-09-01,2026-04-16T04:19:10.452230+00:00,20874156,4S Bay Partners LLC,4S Bay Partners LLC,new_registry_entry,,true,
,,0bab14a5-2ca0-452b-bce0-902c4a29b5a2,Building C,3761 DON FELIPE DRIVE LOS ANGELES CA 90008,developer,Appa Real Estate,4S Bay Partners LLC,most_recent_wins_canonicalization_review_required,low,low,value_changed,2025-09-01,2,1,"[""e004db57-3384-4da0-a964-6cbd9c51cb05""]",costar,3,2025-09-01,2026-04-16T04:19:10.452230+00:00,20874148,4S Bay Partners LLC,4S Bay Partners LLC,new_registry_entry,,true,
,,d9b2d4e9-ceef-4f72-90be-31fbd7550433,Amoroso La Cienega,1050 SOUTH LA CIENEGA BOULEVARD LOS ANGELES CA 90035,developer,Appa Real Estate,Carmel Partners,most_recent_wins_canonicalization_review_required,medium,low,value_changed,2026-04-16,2,1,"[""63bdf3e3-da71-46ea-a00c-2ec850f04e31""]",costar,3,2026-04-16,2026-04-16T04:19:10.855014+00:00,12721684,Carmel Partners,Carmel Partners,new_registry_entry,,true,
,,f88d7cdf-ec22-4215-a1fc-8e487bb78637,Bundy Expo,2201-2319 SOUTH BUNDY DRIVE LOS ANGELES CA 90064,developer,Appa Real Estate,Carmel Partners,most_recent_wins_canonicalization_review_required,high,low,value_changed,2026-04-16,2,1,"[""9f5ecb86-9534-44b5-87f0-65a47ad70f70""]",costar,3,2026-04-16,2026-04-16T04:19:10.855014+00:00,12509258,Carmel Partners,Carmel Partners,new_registry_entry,,true,
,,b791ec26-8c94-4f89-827c-06072e13fcf8,Maubert,4629 MAUBERT AVENUE LOS ANGELES CA 90027,developer,Appa Real Estate,Carmel Partners,most_recent_wins_canonicalization_review_required,medium,low,value_changed,2026-04-16,1,1,"[""64edcf2d-7105-4978-8287-b104d1eb0f3b""]",costar,3,2026-04-16,2026-04-16T04:19:10.855014+00:00,11257109,Carmel Partners,Carmel Partners,new_registry_entry,,true,
,,cf4e21be-38d4-4b36-8774-e1ae38d9e835,5775 West Adams,5775 WEST ADAMS BOULEVARD LOS ANGELES CA 90016,developer,Appa Real Estate,Carmel Partners,most_recent_wins_canonicalization_review_required,medium,low,value_changed,2026-04-16,1,1,"[""8750b11a-68ef-4929-bed1-b3e637b8da3d""]",costar,3,2026-04-16,2026-04-16T04:19:10.855014+00:00,13922638,Carmel Partners,Carmel Partners,new_registry_entry,,true,
,,4e6488e5-373d-4815-a949-311bac13675b,5868 Jefferson,5868 WEST JEFFERSON BOULEVARD LOS ANGELES CA 90016,developer,Appa Real Estate,Clarion Partners,most_recent_wins_canonicalization_review_required,medium,low,value_changed,2026-04-16,1,1,"[""ed263987-0527-4568-8ed3-f8f9988d595c""]",costar,3,2026-04-16,2026-04-16T04:19:10.452230+00:00,12897448,Clarion Partners,Clarion Partners,new_registry_entry,,true,
,,c1cb7678-4691-4944-bc3c-c937c7abc3f6,Unnamed Hotel @ S Hill St,1111 SOUTH HILL STREET LOS ANGELES CA 90015,developer,Appa Real Estate,DSK Partners,most_recent_wins_canonicalization_review_required,medium,low,value_changed,2026-04-16,1,1,"[""0307270f-e94f-4f1e-96f8-a2bcb0d40980""]",costar,3,2026-04-16,2026-04-16T04:19:10.452230+00:00,11367473,DSK Partners,DSK Partners,new_registry_entry,,true,
,,dfd58182-19b8-4334-93c2-e83c57069c25,,3760-3764 SOUTH NORMANDIE AVENUE LOS ANGELES CA 90007,developer,Appa Real Estate,"Elsey Partners, LLC",most_recent_wins_canonicalization_review_required,medium,low,value_changed,2026-04-16,1,1,"[""6f9d6ee8-3d3f-4270-8625-ebffd4887816""]",costar,3,2026-04-16,2026-04-16T04:19:10.855014+00:00,11303967,"Elsey Partners, LLC","Elsey Partners, LLC",new_registry_entry,,true,
,,061fab33-78c9-4d3d-b7d1-06a3e49b6f54,,1308 NORTH MARTEL AVENUE LOS ANGELES CA 90046,developer,Appa Real Estate,Generation Real Estate Partners,most_recent_wins_canonicalization_review_required,medium,low,value_changed,2026-04-16,1,1,"[""580835d6-0590-476b-b904-cb03f9e966b1""]",costar,3,2026-04-16,2026-04-16T04:19:10.855014+00:00,21270128,Generation Real Estate Partners,Generation Real Estate Partners,new_registry_entry,,true,
,,153d1bfc-6c69-4f0a-98e8-60fc624f1dd4,Geneva at Expo,3521 HUGHES AVENUE LOS ANGELES CA 90034,developer,Appa Real Estate,Geneva Street Partners,most_recent_wins_canonicalization_review_required,medium,low,value_changed,2026-04-16,1,1,"[""8e59f28c-e867-44da-b248-c161ce8d04ef""]",costar,3,2026-04-16,2026-04-16T04:19:10.855014+00:00,11322314,Geneva Street Partners,Geneva Street Partners,new_registry_entry,,true,
,,4d612ac2-63fb-4cc8-82e1-443f6c6c46d5,,10330 BELLEWOOD AVENUE LOS ANGELES CA 90064,developer,Appa Real Estate,"Harbert South Bay Partners, LLC",most_recent_wins_canonicalization_review_required,medium,low,value_changed,2026-04-16,1,1,"[""3bb81f7a-bcfc-4931-b668-d8972dbea19c""]",costar,3,2026-04-16,2026-04-16T04:19:10.855014+00:00,11008539,"Harbert South Bay Partners, LLC","Harbert South Bay Partners, LLC",new_registry_entry,,true,
,,4ee46de5-3393-49ab-b066-b8432dfc535f,The Highland,1333 NORTH HIGHLAND AVENUE LOS ANGELES CA 90028,developer,Appa Real Estate,MCAP Partners,most_recent_wins_canonicalization_review_required,medium,low,value_changed,2026-04-16,2,1,"[""726bd3f8-dded-429c-96b3-c226fefb2a21""]",costar,3,2026-04-16,2026-04-16T04:19:10.855014+00:00,11083586,MCAP Partners,MCAP Partners,new_registry_entry,,true,
,,8f79cb04-0c31-4326-95bd-1e060ee848be,,1000 SEWARD STREET LOS ANGELES CA 90038,developer,Appa Real Estate,MGMT Partners,most_recent_wins_canonicalization_review_required,medium,low,value_changed,2026-04-16,1,1,"[""6d3fd829-4bf9-410b-861c-b51e02d99fca""]",costar,3,2026-04-16,2026-04-16T04:19:10.452230+00:00,11346564,MGMT Partners,MGMT Partners,new_registry_entry,,true,
,,1b92ab85-9860-4e3d-97ff-c2868f2b986d,,2023 WESTWOOD BOULEVARD LOS ANGELES CA 90025,developer,Appa Real Estate,MVE + Partners,most_recent_wins_canonicalization_review_required,medium,low,value_changed,2026-03-01,1,1,"[""c7c56f54-577e-41b5-a93f-c3c84e86bb62""]",costar,3,2026-03-01,2026-04-16T04:19:10.855014+00:00,20507077,MVE + Partners,MVE + Partners,new_registry_entry,,true,
,,c2b86c3a-d6b1-44a1-8755-c52f51807f29,Angels Landing Hotel,399 SOUTH HILL STREET LOS ANGELES CA 90013,developer,Appa Real Estate,MacFarlane Partners,most_recent_wins_canonicalization_review_required,medium,low,value_changed,2026-04-16,2,1,"[""edef0181-953c-46db-8cb6-0e6ebc3407e5""]",costar,3,2026-04-16,2026-04-16T04:19:10.855014+00:00,10549792,MacFarlane Partners,MacFarlane Partners,new_registry_entry,,true,
,,5e3ff83b-afb7-43a4-ab47-cd25c02dee82,Hyatt Place Los Angeles / Downtown,1155 SOUTH OLIVE STREET LOS ANGELES CA 90015,developer,Appa Real Estate,"Mack Real Estate Group, LLC",most_recent_wins_canonicalization_review_required,medium,low,value_changed,2026-04-16,1,1,"[""f22acd7d-2760-41b8-8368-28e4935c87ad""]",costar,3,2026-04-16,2026-04-16T04:19:10.452230+00:00,9590863,"Mack Real Estate Group, LLC","Mack Real Estate Group, LLC",new_registry_entry,,true,
,,061639af-8650-4011-b09d-ac10f0a97906,The BLOC,700 WEST 7TH STREET LOS ANGELES CA 90017,developer,Appa Real Estate,National Real Estate Advisors,most_recent_wins_canonicalization_review_required,medium,low,value_changed,2026-04-16,5,1,"[""c459fb6c-d59e-4c51-8f57-cae6f0831516""]",costar,3,2026-04-16,2026-04-16T04:19:10.855014+00:00,21453884,National Real Estate Advisors,National Real Estate Advisors,new_registry_entry,,true,
,,69c2b4c0-6195-4144-92e2-20fd7bb5f577,Cambria Hotels Los Angeles,LOS ANGELES CA 90015,developer,Appa Real Estate,Pacific Property Partners,most_recent_wins_canonicalization_review_required,low,low,value_changed,2017-06-01,1,1,"[""7d544ae3-0dd3-4fe1-9505-bcbb4d1c7c41""]",costar,3,2017-06-01,2026-04-16T04:19:10.452230+00:00,11457863,Pacific Property Partners,Pacific Property Partners,new_registry_entry,,true,
,,32b5bb5f-257d-4ba7-a359-5c2929db41ef,Unnamed Hotel @ Sunset Blvd,1111 WEST SUNSET BOULEVARD LOS ANGELES CA 90012,developer,Appa Real Estate,Palisades Capital Partners,most_recent_wins_canonicalization_review_required,medium,low,value_changed,2026-04-16,2,1,"[""b40588bb-986a-4a22-99ea-6984c93af5d9""]",costar,3,2026-04-16,2026-04-16T04:19:10.855014+00:00,9826251,Palisades Capital Partners,Palisades Capital Partners,new_registry_entry,,true,
,,dc17d8b6-836c-4737-b8ce-a026bfa8db12,,1200 MAGNOLIA AVENUE LOS ANGELES CA 90006,developer,Appa Real Estate,Raakel Real Estate,most_recent_wins_canonicalization_review_required,medium,low,value_changed,2026-04-01,1,1,"[""d60b3577-4476-472b-b8c8-f1f521fe7c41""]",costar,3,2026-04-01,2026-04-16T04:19:10.855014+00:00,12510575,Raakel Real Estate,Raakel Real Estate,new_registry_entry,,true,
,,f3bbcc0a-d0b4-4833-97b9-32a859c686ab,,650-676 SOUTH SAN VICENTE BOULEVARD LOS ANGELES CA 90048,developer,Appa Real Estate,Stockdale Capital Partners,most_recent_wins_canonicalization_review_required,medium,low,value_changed,2026-04-16,1,1,"[""967d847c-d7b3-4cae-a8ec-9ac7e76c7707""]",costar,3,2026-04-16,2026-04-16T04:19:10.452230+00:00,11259121,Stockdale Capital Partners,Stockdale Capital Partners,new_registry_entry,,true,
,,6ae9373d-2b67-4dd5-baf8-2088e9a5e300,8150 Sunset,8150 WEST SUNSET BOULEVARD LOS ANGELES CA 90046,developer,Appa Real Estate,Townscape Partners,most_recent_wins_canonicalization_review_required,medium,low,value_changed,2026-04-16,1,1,"[""980e0c7d-9826-4b57-9a74-5c16b31624d8""]",costar,3,2026-04-16,2026-04-16T04:19:10.855014+00:00,9268274,Townscape Partners,Townscape Partners,new_registry_entry,,true,
,,e62faec3-6463-4ba1-924a-58a7bf3d9041,Fairfax Theater Project,7907 BEVERLY BOULEVARD LOS ANGELES CA 90048,developer,Choice 100 Realty,Amgor Realty Inc,most_recent_wins_canonicalization_review_required,medium,low,value_changed,2026-04-16,1,1,"[""58c832ba-d219-4a56-86ff-37dded3fc344""]",costar,3,2026-04-16,2026-04-16T04:19:10.855014+00:00,9267974,Amgor Realty Inc,Amgor Realty Inc,new_registry_entry,,true,
,,bd798e34-6ad0-4b55-b560-f8baa5c98403,5843 W Pico Blvd,5843 WEST PICO BOULEVARD LOS ANGELES CA 90019,developer,Choice 100 Realty,Giltner Realty Advisors,most_recent_wins_canonicalization_review_required,high,low,value_changed,2026-04-16,2,1,"[""c8b9e850-44ea-4095-98ad-5ebd478af671""]",costar,3,2026-04-16,2026-04-16T04:19:10.855014+00:00,11603688,Giltner Realty Advisors,Giltner Realty Advisors,new_registry_entry,,true,
,,236ab8b5-540a-4db6-9e31-ee2f4e340fe4,Century City Center,1950 OF THE STARS LOS ANGELES CA 90067,developer,Choice 100 Realty,JMB Realty,most_recent_wins_canonicalization_review_required,medium,low,value_changed,2026-04-16,1,1,"[""1aa73bd3-7e57-42c0-ae4c-b1a3b59d85e4""]",costar,3,2026-04-16,2026-04-16T04:19:10.452230+00:00,8147651,JMB Realty,JMB Realty,new_registry_entry,,true,
,,39a7e3d0-594a-4532-bccf-61277319a2ef,10757-10759 Wilkins Ave,10757-10759 WILKINS AVENUE LOS ANGELES CA 90024,developer,"FIN Holdings, LLC and Wilkins Group, LLC",Kamana Academy Incorporated,most_recent_wins_canonicalization_review_required,high,low,value_changed,2026-04-01,2,1,"[""8953376d-e3ef-41a0-9904-b00e45eb0640""]",costar,3,2026-04-01,2026-04-16T04:19:10.855014+00:00,11399701,Kamana Academy Incorporated,Kamana Academy Incorporated,new_registry_entry,,true,
,,c6f07121-948a-4551-ab28-1606f5b575be,1350 Western,1350 NORTH WESTERN AVENUE LOS ANGELES CA 90027,developer,Georgetown Co.,Gemdale USA,most_recent_wins_canonicalization_review_required,high,low,value_changed,2026-04-16,3,1,"[""a69091e6-7a45-45eb-9d68-918af03632ac""]",costar,3,2026-04-16,2026-04-16T04:19:10.855014+00:00,9748522,Gemdale USA,Gemdale / LaTerra,fuzzy_review,77.77777777777777,true,
,,4f7540f5-747c-4b2f-a4c3-b6bc1618fd5b,Hill Tower Lofts,920 SOUTH HILL STREET LOS ANGELES CA 90015,developer,KMK Management,DTLA Management,most_recent_wins_canonicalization_review_required,medium,low,value_changed,2026-04-16,1,1,"[""b842509d-8d28-458f-9bd1-7357c92dc8f8""]",costar,3,2026-04-16,2026-04-16T04:19:10.855014+00:00,9268089,DTLA Management,DTLA Management,new_registry_entry,,true,
,,895441a0-959a-4273-b053-2dc5b0ef1979,Spring Tower,525 SOUTH SPRING STREET LOS ANGELES CA 90013,developer,KMK Management,Downtown Management,most_recent_wins_canonicalization_review_required,medium,low,value_changed,2026-04-16,1,1,"[""9e43dd24-404e-4758-89de-006a150a20ec""]",costar,3,2026-04-16,2026-04-16T04:19:10.855014+00:00,9267980,Downtown Management,Downtown Management,new_registry_entry,,true,
,,9026f596-7e91-4710-9376-0c004d80b485,Broadway Square LA,1900 SOUTH BROADWAY LOS ANGELES CA 90007,developer,KMK Management,Elite Property Management LLC,most_recent_wins_canonicalization_review_required,medium,low,value_changed,2026-04-16,2,1,"[""c88c27a1-695b-4036-81f3-32033982700d""]",costar,3,2026-04-16,2026-04-16T04:19:10.855014+00:00,9726072,Elite Property Management LLC,Elite Property Management LLC,new_registry_entry,,true,
,,d8bd00ce-28a6-405c-8038-9b5b5fe15b77,Link Apartments Kora,1000 SOUTH VERMONT AVENUE LOS ANGELES CA 90006,developer,KMK Management,"Hankook Property Management Co., Inc",most_recent_wins_canonicalization_review_required,medium,low,value_changed,2026-04-16,1,1,"[""6b1fef1e-95bf-4cc9-afbb-9192aa4140ae""]",costar,3,2026-04-16,2026-04-16T04:19:10.855014+00:00,10110584,"Hankook Property Management Co., Inc","Hankook Property Management Co., Inc",new_registry_entry,,true,
,,d842456f-a7a9-4604-b410-366b96f600cf,,1516 WEST 12TH PLACE LOS ANGELES CA 90015,developer,KMK Management,Lilah Management LLC,most_recent_wins_canonicalization_review_required,medium,low,value_changed,2026-04-01,1,1,"[""10939701-ab48-4823-973d-811c646e4810""]",costar,3,2026-04-01,2026-04-16T04:19:10.855014+00:00,21262107,Lilah Management LLC,Lilah Management LLC,new_registry_entry,,true,
,,0b258407-dddb-42b0-8903-d39d724b594d,,3217 SOUTH CENTRAL AVENUE LOS ANGELES CA 90011,developer,KMK Management,Lilah Management LLC,most_recent_wins_canonicalization_review_required,medium,low,value_changed,2026-04-01,1,1,"[""999d639f-6f79-4032-8255-d42f751ceda3""]",costar,3,2026-04-01,2026-04-16T04:19:10.855014+00:00,21262161,Lilah Management LLC,Lilah Management LLC,new_registry_entry,,true,
,,c1f2e533-6cd1-414f-a378-3601dbe17eff,,7800 SOUTH WESTERN AVENUE LOS ANGELES CA 90047,developer,KMK Management,Lilah Management LLC,most_recent_wins_canonicalization_review_required,medium,low,value_changed,2026-04-08,3,1,"[""e7d8bca3-f1ce-41ac-bdfb-f456bde61609""]",costar,3,2026-04-01,2026-04-16T04:19:10.855014+00:00,21262169,Lilah Management LLC,Lilah Management LLC,new_registry_entry,,true,
,,744d26b9-9f0a-4b6b-8076-2a02c60892be,,641 SOUTH IMPERIAL STREET LOS ANGELES CA 90021,developer,KMK Management,Lindemann Capital Management LLC,most_recent_wins_canonicalization_review_required,medium,low,value_changed,2026-04-16,1,1,"[""ebe94042-ac99-4bb8-9274-2423b205802f""]",costar,3,2026-04-16,2026-04-16T04:19:10.855014+00:00,10225212,Lindemann Capital Management LLC,Lindemann Capital Management LLC,new_registry_entry,,true,
,,09a036d3-ea0f-4680-a944-84505f4f3ef2,,2100 SOUTH FIGUEROA STREET LOS ANGELES CA 90007,developer,KMK Management,"Logic Management Group, Inc.",most_recent_wins_canonicalization_review_required,medium,low,value_changed,2026-04-16,1,1,"[""4d622a44-b1d4-47f1-b046-0504f83c858f""]",costar,3,2026-04-16,2026-04-16T04:19:10.855014+00:00,10535802,"Logic Management Group, Inc.","Logic Management Group, Inc.",new_registry_entry,,true,
,,e49bd069-a6b4-486c-8aac-d71857105224,NOW,11660-11674 SANTA MONICA BOULEVARD LOS ANGELES CA 90025,developer,KMK Management,MVE + Partners,most_recent_wins_canonicalization_review_required,high,low,value_changed,2026-04-16,2,1,"[""1ad1d789-7e51-4a9f-9c13-f78704ad332d""]",costar,3,2026-04-16,2026-04-16T04:19:10.855014+00:00,10918031,MVE + Partners,MVE + Partners,new_registry_entry,,true,
,,c38d83c1-1569-4a8c-911c-59a228c680ca,Cambria Hotel Los Angeles Downtown,419 SOUTH SPRING STREET LOS ANGELES CA 90013,developer,KMK Management,Oceans V Hotel Management,most_recent_wins_canonicalization_review_required,medium,low,value_changed,2026-04-16,1,1,"[""81c0d906-dce0-40d3-9eac-5b82cf836a89""]",costar,3,2026-04-16,2026-04-16T04:19:10.452230+00:00,8413328,Oceans V Hotel Management,Oceans V Hotel Management,new_registry_entry,,true,
,,c4d1466d-b3b7-4376-acbb-dba81b4fdaf6,,1800 EAST 7TH STREET LOS ANGELES CA 90021,developer,KMK Management,Parkview Management Group,most_recent_wins_canonicalization_review_required,medium,low,value_changed,2026-04-16,1,1,"[""56cfe7f4-445f-49ca-bea5-1386f9edff08""]",costar,3,2026-04-16,2026-04-16T04:19:10.855014+00:00,9505037,Parkview Management Group,Parkview Management Group,new_registry_entry,,true,
,,4e6da917-6f4a-43f0-9577-70ab1599f421,Hyatt Centric Los Angeles,1140 BROADWAY STREET LOS ANGELES CA 90015,developer,KMK Management,Rosh Property Management,most_recent_wins_canonicalization_review_required,medium,low,value_changed,2026-04-16,1,1,"[""f1959626-eb7a-4725-b662-9e0e394fe763""]",costar,3,2026-04-16,2026-04-16T04:19:10.452230+00:00,11335995,Rosh Property Management,Rosh Property Management,new_registry_entry,,true,
,,1d46c112-4e84-4cc9-af2a-c5a0bb1add01,1445 Las Palmas,1445 NORTH LAS PALMAS AVENUE LOS ANGELES CA 90028,developer,KMK Management,Urban Design Specialists,most_recent_wins_canonicalization_review_required,high,low,value_changed,2026-04-16,2,1,"[""9a1d6663-87e0-4d5c-b22b-008227897964""]",costar,3,2026-04-16,2026-04-16T04:19:10.855014+00:00,20257646,Urban Design Specialists,Urban Design Specialists,new_registry_entry,,true,
,,e9fea2cd-764b-4d76-9802-60be3fd45a04,SIX98 Irolo,698 IROLO STREET LOS ANGELES CA 90005,developer,KMK Management,Vukota Capital Management,most_recent_wins_canonicalization_review_required,low,low,value_changed,2024-03-01,1,1,"[""c96cde19-de0e-48b5-8a65-e353a0c7b6e8""]",costar,3,2024-03-01,2026-04-16T04:19:10.855014+00:00,11313123,Vukota Capital Management,Vukota Capital Management,new_registry_entry,,true,
,,a91c5438-833b-429e-9833-8de95b2c2905,,3602-3608 OVERLAND AVENUE LOS ANGELES CA 90034,developer,KMK Management,Westside Management,most_recent_wins_canonicalization_review_required,medium,low,value_changed,2026-04-16,1,1,"[""94a0ed62-ff59-43cf-878c-4d0bbd5bf625""]",costar,3,2026-04-16,2026-04-16T04:19:10.855014+00:00,11416728,Westside Management,Westside Management,new_registry_entry,,true,
,,c55faad2-4c8f-4717-bbf0-c19563767153,Westgate Manor,11857-11861 WEST SANTA MONICA BOULEVARD LOS ANGELES CA 90025,developer,Kami Farhadi,Screamline Investment Corporation,most_recent_wins_canonicalization_review_required,high,low,value_changed,2026-04-16,3,1,"[""0bc26119-583e-417a-b5ba-a54aa88d911c""]",costar,3,2026-04-16,2026-04-16T04:19:10.855014+00:00,11025056,Screamline Investment Corporation,Screamline Investment Corporation,new_registry_entry,,true,
,,af7668b0-ae19-430f-8edf-c5749379c3ed,Fedora Flats,1047-1053 SOUTH FEDORA STREET LOS ANGELES CA 90006,developer,Kenneth Lee,Winstar  Properties,most_recent_wins_canonicalization_review_required,high,low,value_changed,2026-04-01,2,1,"[""475b1e9e-2f5e-4184-8807-024f47237079""]",costar,3,2026-04-01,2026-04-16T04:19:10.855014+00:00,11192835,Winstar  Properties,Winstar  Properties,new_registry_entry,,true,
,,76fdfd6e-dfaf-4c61-9e47-5843ae241cb1,,1000 WEST 1ST STREET LOS ANGELES CA 90012,developer,Kian Investment,Delson Investment,most_recent_wins_canonicalization_review_required,medium,low,value_changed,2026-04-16,1,1,"[""a48977ba-35bb-486a-8a94-869a0889b3bc""]",costar,3,2026-04-16,2026-04-16T04:19:10.855014+00:00,10144435,Delson Investment,Delson Investment,new_registry_entry,,true,
,,8debc082-c9b1-40f1-9f1a-ebf43b209fe9,The Lane Building,206-208 WEST 8TH STREET LOS ANGELES CA 90014,developer,Kian Investment,Delson Investment,most_recent_wins_canonicalization_review_required,low,low,value_changed,2024-01-01,1,1,"[""0cb14770-1b87-4786-8766-bbd21c1f481d""]",costar,3,2024-01-01,2026-04-16T04:19:10.855014+00:00,10878543,Delson Investment,Delson Investment,new_registry_entry,,true,
,,ac89be2a-3817-4040-bcaf-97cda91ac5c8,427 S Berendo St,427 SOUTH BERENDO STREET LOS ANGELES CA 90020,developer,Kian Investment,"GIC  Investment, Inc",most_recent_wins_canonicalization_review_required,high,low,value_changed,2026-04-16,2,1,"[""ace76f79-3533-4afa-9096-de9a99a47cdb""]",costar,3,2026-04-16,2026-04-16T04:19:10.855014+00:00,10348451,"GIC  Investment, Inc","GIC  Investment, Inc",new_registry_entry,,true,
,,34c06edc-7bd6-43e0-9aec-36df123ac72c,8th & Mariposa,3216 WEST 8TH STREET LOS ANGELES CA 90005,developer,Mike Barry,H by H Hospitality,most_recent_wins_canonicalization_review_required,medium,low,value_changed,2026-04-16,3,1,"[""f92d4d3c-d375-49be-a830-a526f649d0a4""]",costar,3,2026-04-16,2026-04-16T04:19:10.452230+00:00,12875668,H by H Hospitality,H by H Hospitality,new_registry_entry,,true,
,,4039aaff-78d7-4253-a888-567f85bf33a1,Miles at Highland,1410 NORTH HIGHLAND AVENUE LOS ANGELES CA 90028,developer,Nela Development,Elk Development,most_recent_wins_canonicalization_review_required,high,low,value_changed,2026-04-16,3,1,"[""89fab819-934a-4b2a-8c03-6df40f974471""]",costar,3,2026-04-16,2026-04-16T04:19:10.452230+00:00,21264804,Elk Development,Elk Development,new_registry_entry,,true,
,,14f0e74b-70ac-4040-a056-935d140bd745,730 Vermont,730 SOUTH VERMONT AVENUE LOS ANGELES CA 90005,developer,Nela Development,Elk Development,most_recent_wins_canonicalization_review_required,high,low,value_changed,2026-04-16,2,1,"[""67379a39-60a9-4ea4-9845-d9c626a13a56""]",costar,3,2026-04-16,2026-04-16T04:19:10.855014+00:00,12789096,Elk Development,Elk Development,new_registry_entry,,true,
,,2c1e09b5-9a43-4973-b5a7-89732514217f,Autograph Collection Hollywood,6445 WEST SUNSET BOULEVARD LOS ANGELES CA 90028,developer,Nela Development,NELA Group,most_recent_wins_canonicalization_review_required,medium,low,value_changed,2026-04-16,2,1,"[""aafc0e2c-4fb8-4ec4-a8cb-0c6d987aa6ca""]",costar,3,2026-04-16,2026-04-16T04:19:10.452230+00:00,14214665,NELA Group,NELA Group,new_registry_entry,,true,
,,9363e352-c32e-4834-9044-049c41576135,,1135-1147 WEST 7TH STREET LOS ANGELES CA 90017,developer,Nela Development,Pangea Development LLC,most_recent_wins_canonicalization_review_required,medium,low,value_changed,2026-04-16,1,1,"[""0e25886c-3d70-4bf2-9b29-9b1a9bc2b1b1""]",costar,3,2026-04-16,2026-04-16T04:19:10.855014+00:00,9760056,Pangea Development LLC,Pangea Development LLC,new_registry_entry,,true,
,,17df61a8-210e-4a3f-bb55-dce036715145,831+835 Westlake Apartments,831-837 SOUTH WESTLAKE AVENUE LOS ANGELES CA 90057,developer,Nourizad Family,Pirooz Nourizad,most_recent_wins_canonicalization_review_required,high,low,value_changed,2026-04-01,2,1,"[""8d9aae47-0164-42e5-a6ec-82f746cb9172""]",costar,3,2026-04-01,2026-04-16T04:19:10.855014+00:00,10966849,Pirooz Nourizad,Pirooz Nourizad,new_registry_entry,,true,
,,6d37d10c-3b7e-4cd3-9ae7-069d8481d5c7,Arts Center District,1101 EAST 5TH STREET LOS ANGELES CA 90013,developer,Nur Development,"Arts District Development, LLC",most_recent_wins_canonicalization_review_required,medium,low,value_changed,2026-04-16,1,1,"[""17a2d664-3962-4228-a1f0-83e58846c679""]",costar,3,2026-04-16,2026-04-16T04:19:10.855014+00:00,10174006,"Arts District Development, LLC","Arts District Development, LLC",new_registry_entry,,true,
,,84fa117e-2b6d-4669-be1f-ee1edfc11695,,708 NORTH HILL STREET LOS ANGELES CA 90012,developer,Nur Development,Avant Development,most_recent_wins_canonicalization_review_required,medium,low,value_changed,2026-04-16,1,1,"[""66f5a46d-d474-4c7e-8964-068ac8e9bd29""]",costar,3,2026-04-16,2026-04-16T04:19:10.855014+00:00,10185802,Avant Development,Avant Development,new_registry_entry,,true,
,,9d4bbec7-a68c-4712-bebd-e8ca70eed688,,414 SOUTH CATALINA STREET LOS ANGELES CA 90020,developer,Nur Development,Barkley Development Group,most_recent_wins_canonicalization_review_required,medium,low,value_changed,2026-04-16,1,1,"[""ac1d113a-677c-4f13-8c37-161f297c926f""]",costar,3,2026-04-16,2026-04-16T04:19:10.855014+00:00,21084498,Barkley Development Group,Barkley Development Group,new_registry_entry,,true,
,,09a3edb6-6147-450a-862e-8818a9446e3b,Unknown Boutique Hotel,400 SOUTH ALAMEDA STREET LOS ANGELES CA 90013,developer,Nur Development,Habita Arts District LLC,most_recent_wins_canonicalization_review_required,medium,low,value_changed,2026-04-16,1,1,"[""3e0791cb-6c7c-4f99-bf4a-e55c249c34ff""]",costar,3,2026-04-16,2026-04-16T04:19:10.452230+00:00,10625302,Habita Arts District LLC,Habita Arts District LLC,new_registry_entry,,true,
,,e05ce17e-9194-4a80-a3e2-c17819ad4ceb,,2000 CLYDE AVENUE LOS ANGELES CA 90016,developer,Nur Development,KRS Development,most_recent_wins_canonicalization_review_required,medium,low,value_changed,2026-04-16,1,1,"[""45d8b0ca-32ab-49a1-9074-81c1fae38820""]",costar,3,2026-04-16,2026-04-16T04:19:10.855014+00:00,10999856,KRS Development,KRS Development,new_registry_entry,,true,
,,c4eb2f29-2e69-40e2-be88-296dc98ccf2a,Pico Gateway Apartments,11460 GATEWAY BOULEVARD LOS ANGELES CA 90064,developer,Onni Group,Three 6Ixty,most_recent_wins_canonicalization_review_required,high,low,value_changed,2026-04-16,2,1,"[""b938436b-25ea-4a78-8bb1-4cf27c13c92a""]",costar,3,2026-04-16,2026-04-16T04:19:10.855014+00:00,9868242,Three 6Ixty,Three 6Ixty,new_registry_entry,,true,
,,7d2ffae3-92ee-46e8-b8ca-229230fb0267,Echo Heights,3600 STOCKER STREET LOS ANGELES CA 90008,developer,ROM Investments,"Axiom Real Estate Investments, Inc.",most_recent_wins_canonicalization_review_required,low,low,value_changed,2025-05-01,1,1,"[""54d74dae-66d3-445f-9419-91af442fe005""]",costar,3,2025-05-01,2026-04-16T04:19:10.855014+00:00,12806181,"Axiom Real Estate Investments, Inc.","Axiom Real Estate Investments, Inc.",new_registry_entry,,true,
,,8169967e-f374-43c2-b786-d9d95bce3faa,Amalfi,3831 WEST STOCKER STREET LOS ANGELES CA 90008,developer,ROM Investments,"Axiom Real Estate Investments, Inc.",most_recent_wins_canonicalization_review_required,medium,low,value_changed,2026-04-16,1,1,"[""700ccaee-83a9-4a3f-8e1b-7457c74e995f""]",costar,3,2026-04-16,2026-04-16T04:19:10.855014+00:00,10128838,"Axiom Real Estate Investments, Inc.","Axiom Real Estate Investments, Inc.",new_registry_entry,,true,
,,6828cc8d-28ce-4f12-9ddf-974ed2bd3927,The Workshop,1200 NORTH CAHUENGA BOULEVARD LOS ANGELES CA 90038,developer,ROM Investments,BARDAS Investment Group,most_recent_wins_canonicalization_review_required,medium,low,value_changed,2026-04-09,3,1,"[""f9c0f4c0-ccc9-4d35-adb8-9807a83eedfe""]",costar,3,2026-04-01,2026-04-16T04:19:10.452230+00:00,12594508,BARDAS Investment Group,BARDAS Investment Group,new_registry_entry,,true,
,,53da8905-a260-4974-877b-e4748fe83c89,,5601 SANTA MONICA BOULEVARD LOS ANGELES CA 90038,developer,ROM Investments,BARDAS Investment Group,most_recent_wins_canonicalization_review_required,medium,low,value_changed,2026-04-16,1,1,"[""feafe58b-caee-46a2-a1d8-259c6506573e""]",costar,3,2026-04-16,2026-04-16T04:19:10.452230+00:00,12239162,BARDAS Investment Group,BARDAS Investment Group,new_registry_entry,,true,
,,c4e5fb02-ce21-4918-b547-7a8925ce6e81,Echelon Television Ctr - Studios,6311 ROMAINE STREET LOS ANGELES CA 90038,developer,ROM Investments,BARDAS Investment Group,most_recent_wins_canonicalization_review_required,medium,low,value_changed,2026-04-16,1,1,"[""01411978-1e5b-4feb-a895-73b5de21110b""]",costar,3,2026-04-16,2026-04-16T04:19:10.452230+00:00,13332209,BARDAS Investment Group,BARDAS Investment Group,new_registry_entry,,true,
,,2b70f723-94a9-4254-b14d-25673e0d61ae,329 S Bonnie Brae St,329 SOUTH BONNIE BRAE STREET LOS ANGELES CA 90057,developer,ROM Investments,Bold Engineer & Associates,most_recent_wins_canonicalization_review_required,high,low,value_changed,2026-04-10,6,1,"[""8b4f6635-e959-4517-898e-92faa7df4473""]",costar,3,2026-04-01,2026-04-16T04:19:10.855014+00:00,10953019,Bold Engineer & Associates,Bold Engineer & Associates,new_registry_entry,,true,
,,9bfe8c45-0f9f-4492-8ba6-b4400197cd61,La Brea Project Hotel,639 SOUTH LA BREA AVENUE LOS ANGELES CA 90036,developer,ROM Investments,CGI+ Real Estate Investments,most_recent_wins_canonicalization_review_required,medium,low,value_changed,2026-04-16,2,1,"[""01012741-c908-4c0d-afea-48ac34fa3e4f""]",costar,3,2026-04-16,2026-04-16T04:19:10.855014+00:00,10194020,CGI+ Real Estate Investments,CGI+ Real Estate Investments,new_registry_entry,,true,
,,6d88c37b-dae9-45aa-bc86-7780350fb966,Alverado Temple,418-430 NORTH ALVARADO STREET LOS ANGELES CA 90026,developer,ROM Investments,Caladan Investments LLC,most_recent_wins_canonicalization_review_required,medium,low,value_changed,2026-04-16,1,1,"[""82cdbbea-8bc4-4327-a5a8-85ad194b989f""]",costar,3,2026-04-16,2026-04-16T04:19:10.855014+00:00,10600678,Caladan Investments LLC,Caladan Investments LLC,new_registry_entry,,true,
,,dbb91f09-db99-47fa-b3a5-644a90b698a1,Venice Gardens,2150 VENICE BOULEVARD LOS ANGELES CA 90006,developer,ROM Investments,Golcheh Developments and Investments LLC,most_recent_wins_canonicalization_review_required,medium,low,value_changed,2026-04-16,1,1,"[""7d329017-2989-4817-9085-a8a6b007fe3e""]",costar,3,2026-04-16,2026-04-16T04:19:10.855014+00:00,21053983,Golcheh Developments and Investments LLC,Golcheh Developments and Investments LLC,new_registry_entry,,true,
,,6d7bd587-e1aa-4b88-9f4f-f4eb958f5f2f,,6100 SOUTH HOOVER STREET LOS ANGELES CA 90044,developer,ROM Investments,"Haroni Investments, LLC",most_recent_wins_canonicalization_review_required,medium,low,value_changed,2026-04-16,2,1,"[""077b3f90-5ac3-4b14-80de-5fdb255d19ad""]",costar,3,2026-04-16,2026-04-16T04:19:10.855014+00:00,11017098,"Haroni Investments, LLC","Haroni Investments, LLC",new_registry_entry,,true,
,,5a51e49d-89eb-4dcd-815f-10b5f3e1602c,8950 Western,8942 SOUTH WESTERN AVENUE LOS ANGELES CA 90047,developer,ROM Investments,"Legass Investments, Inc.",most_recent_wins_canonicalization_review_required,medium,low,value_changed,2026-04-16,1,1,"[""da7a25d7-04f0-4cd3-a7c5-1624b017abbf""]",costar,3,2026-04-16,2026-04-16T04:19:10.855014+00:00,13922589,"Legass Investments, Inc.","Legass Investments, Inc.",new_registry_entry,,true,
,,89a54777-2dbb-4ee3-a15a-085a08c18aeb,,1614-1626 WEST TEMPLE STREET LOS ANGELES CA 90026,developer,ROM Investments,"Mitaa Investments, LLC",most_recent_wins_canonicalization_review_required,medium,low,value_changed,2026-04-16,1,1,"[""13c36f43-005e-4252-b57c-ec26f9eb0158""]",costar,3,2026-04-16,2026-04-16T04:19:10.855014+00:00,9795488,"Mitaa Investments, LLC","Mitaa Investments, LLC",new_registry_entry,,true,
,,4b8d61ad-e007-4eb3-9c08-8996db66eb6d,Olympic Tower Retail,811 WEST OLYMPIC BOULEVARD LOS ANGELES CA 90015,developer,ROM Investments,Neman Real Estate Investments,most_recent_wins_canonicalization_review_required,medium,low,value_changed,2026-04-16,4,1,"[""0ad98d4d-17c6-4b14-a6fe-03af4546517f""]",costar,3,2026-04-16,2026-04-16T04:19:10.855014+00:00,9926940,Neman Real Estate Investments,Neman Real Estate Investments,new_registry_entry,,true,
,,f65817f8-2adc-463b-901b-27e9746d9458,,2911 EAST CESAR E CHAVEZ AVENUE LOS ANGELES CA 90033,developer,ROM Investments,Neo Investment Group LLC,most_recent_wins_canonicalization_review_required,low,low,value_changed,2025-01-01,1,1,"[""235bb026-2625-43e6-803c-ad9caf67e907""]",costar,3,2025-01-01,2026-04-16T04:19:10.855014+00:00,20293579,Neo Investment Group LLC,Neo Investment Group LLC,new_registry_entry,,true,
,,17c4df02-db55-46e2-8f16-a21348a2879c,Medallion 2.0,329 SOUTH MAIN STREET LOS ANGELES CA 90013,developer,ROM Investments,Ocean Blue Investments,most_recent_wins_canonicalization_review_required,low,low,value_changed,2023-01-01,1,1,"[""2df70f7b-0073-4661-b0a3-d0c54b0c8a3a""]",costar,3,2023-01-01,2026-04-16T04:19:10.855014+00:00,9285039,Ocean Blue Investments,Ocean Blue Investments,new_registry_entry,,true,
,,4b5ca3c7-9c32-4777-a31f-3c844414e860,The Unbound Collection Hollywood,1525 NORTH CAHUENGA BOULEVARD LOS ANGELES CA 90028,developer,ROM Investments,PNK Group,most_recent_wins_canonicalization_review_required,medium,low,value_changed,2026-04-16,1,1,"[""ca5bd586-92d9-4b40-ae2b-7563b7a1de12""]",costar,3,2026-04-16,2026-04-16T04:19:10.452230+00:00,9434667,PNK Group,PNK Group,new_registry_entry,,true,
,,8336a001-9623-4dcc-9eb4-e69a43bd0572,"Hotel La Fleur Los Angeles, Outset Collection by Hilton",1318 SOUTH FLOWER STREET LOS ANGELES CA 90015,developer,ROM Investments,PNK Group Investments,most_recent_wins_canonicalization_review_required,medium,low,value_changed,2026-04-16,1,1,"[""173116b9-10ca-49df-a136-b90d11c98075""]",costar,3,2026-04-16,2026-04-16T04:19:10.452230+00:00,9772140,PNK Group Investments,PNK Group Investments,new_registry_entry,,true,
,,56d32f68-ef36-478f-817c-e7e04281b051,1500 Hi Point St,1500 HI POINT STREET LOS ANGELES CA 90035,developer,ROM Investments,Trion Properties,most_recent_wins_canonicalization_review_required,high,low,value_changed,2026-04-16,2,1,"[""1efee0f7-5da2-4eb9-9578-83074582feff""]",costar,3,2026-04-16,2026-04-16T04:19:10.855014+00:00,10320375,Trion Properties,Trion Properties,new_registry_entry,,true,
,,19e2e1ff-41de-4b53-b476-7487a3c9905d,Residence Inn Los Angeles Downtown,3101 SOUTH FIGUEROA STREET LOS ANGELES CA 90007,developer,ROM Investments,"Vista Investments, LLC",most_recent_wins_canonicalization_review_required,medium,low,value_changed,2026-04-16,2,1,"[""393f7916-9e2e-4527-9e28-237d7f462b96""]",costar,3,2026-04-16,2026-04-16T04:19:10.452230+00:00,11485296,"Vista Investments, LLC","Vista Investments, LLC",new_registry_entry,,true,
,,4bc52b13-19cf-453b-892c-07bb0b9334f2,,101 ALAMEDA STREET LOS ANGELES CA 90021,developer,SAFCO Capital,Atlas Capital Group LLC,most_recent_wins_canonicalization_review_required,medium,low,value_changed,2026-04-16,1,1,"[""2d506994-5b5a-4063-a889-97ac7cf966a5""]",costar,3,2026-04-16,2026-04-16T04:19:10.855014+00:00,21261914,Atlas Capital Group LLC,Atlas Capital Group LLC,new_registry_entry,,true,
,,df61da25-dca4-4f0b-99ba-56fbca082386,,234 NORTH CENTER STREET LOS ANGELES CA 90012,developer,SAFCO Capital,Atlas Capital Group LLC,most_recent_wins_canonicalization_review_required,medium,low,value_changed,2026-04-16,1,1,"[""d08fdac0-fe9c-42bd-a092-2ad12c7bb584""]",costar,3,2026-04-16,2026-04-16T04:19:10.855014+00:00,10208868,Atlas Capital Group LLC,Atlas Capital Group LLC,new_registry_entry,,true,
,,f62aa8f1-4c18-4ec8-a8b5-61ef1f803599,College Station,924 NORTH SPRING STREET LOS ANGELES CA 90012,developer,SAFCO Capital,Atlas Capital Group LLC,most_recent_wins_canonicalization_review_required,medium,low,value_changed,2026-04-16,1,1,"[""f52faa17-794f-46ac-a958-b2527c1f5679""]",costar,3,2026-04-16,2026-04-16T04:19:10.855014+00:00,9423645,Atlas Capital Group LLC,Atlas Capital Group LLC,new_registry_entry,,true,
,,c03bc62e-9491-4899-aa28-1ab963a291bf,The Spaulding,1110 SOUTH SPAULDING AVENUE LOS ANGELES CA 90019,developer,SAFCO Capital,Harpco Construction and Development Services,most_recent_wins_canonicalization_review_required,high,low,value_changed,2026-04-10,9,1,"[""eac6d36e-0d97-41e4-af94-39dd81fde228""]",costar,3,2026-04-01,2026-04-16T04:19:10.855014+00:00,11122467,Harpco Construction and Development Services,Harpco Construction and Development Services,new_registry_entry,,true,
,,83f14404-50a5-49c7-b548-ffe88452c21e,I Magnin Redevelopment,3240 WILSHIRE BOULEVARD LOS ANGELES CA 90010,developer,SAFCO Capital,Harridge Development Group,most_recent_wins_canonicalization_review_required,medium,low,value_changed,2026-04-16,3,1,"[""39ce127e-f5a4-4a7f-aba8-5516aab2d92b""]",costar,3,2026-04-16,2026-04-16T04:19:10.452230+00:00,11218343,Harridge Development Group,Harridge Development Group,new_registry_entry,,true,
,,f0dea8d7-c2b7-4255-8098-5ba04ed2cf7d,,842 SOUTH KINGSLEY DRIVE LOS ANGELES CA 90005,developer,SAFCO Capital,Kingsley Capital LLC,most_recent_wins_canonicalization_review_required,low,low,value_changed,2021-10-01,1,1,"[""6c97f272-3e9c-4a99-a2d5-7b4551079599""]",costar,3,2021-10-01,2026-04-16T04:19:10.855014+00:00,10183343,Kingsley Capital LLC,Kingsley Capital LLC,new_registry_entry,,true,
,,a460eefd-22d5-4c13-80b5-8f053c8f7b9f,,8900 SOUTH RAMSGATE AVENUE LOS ANGELES CA 90045,developer,SAFCO Capital,"LDC Capital, LLC",most_recent_wins_canonicalization_review_required,medium,low,value_changed,2026-04-16,1,1,"[""cce7460e-1106-4938-8ad4-deee3cd9538a""]",costar,3,2026-04-16,2026-04-16T04:19:10.855014+00:00,10909977,"LDC Capital, LLC","LDC Capital, LLC",new_registry_entry,,true,
,,871d9d34-7800-408b-a027-dda8ffa1f8be,Spring Street Hotel,633 SOUTH SPRING STREET LOS ANGELES CA 90014,developer,SAFCO Capital,Lizard Capital,most_recent_wins_canonicalization_review_required,medium,low,value_changed,2026-04-16,1,1,"[""44817a09-e831-49e5-b6a9-56f2c2d69a89""]",costar,3,2026-04-16,2026-04-16T04:19:10.452230+00:00,9730735,Lizard Capital,Lizard Capital,new_registry_entry,,true,
,,fceacada-dfac-4c11-ab82-c652027484e3,,8555 SANTA MONICA BOULEVARD LOS ANGELES CA 90069,developer,SAFCO Capital,"Soto Capital, LP",most_recent_wins_canonicalization_review_required,medium,low,value_changed,2026-04-16,1,1,"[""9368af74-c5b2-4272-a915-561bf85a5072""]",costar,3,2026-04-16,2026-04-16T04:19:10.855014+00:00,10347670,"Soto Capital, LP","Soto Capital, LP",new_registry_entry,,true,
,,77d5db63-25ba-418a-83d7-596aaf6fc6bf,The Gallery on Venice,2340 WEST VENICE BOULEVARD LOS ANGELES CA 90019,developer,SAFCO Capital,Western Avenue Capital,most_recent_wins_canonicalization_review_required,high,low,value_changed,2026-04-16,2,1,"[""74b65c8f-8585-448f-a529-d77311cf3eaa""]",costar,3,2026-04-16,2026-04-16T04:19:10.855014+00:00,10954807,Western Avenue Capital,Western Avenue Capital,new_registry_entry,,true,
,,7ab7cde4-b690-4d06-98cf-4d60ba3e1092,539-547 N Hobart Blvd,539 NORTH HOBART BOULEVARD LOS ANGELES CA 90004,developer,TCL Oxford Solutions,Plat Development,most_recent_wins_canonicalization_review_required,high,low,value_changed,2026-04-16,2,1,"[""65cc37d7-7a6c-4ebb-a34c-b49fc817ebb1""]",costar,3,2026-04-16,2026-04-16T04:19:10.855014+00:00,11110029,Plat Development,Plat Development,new_registry_entry,,true,
,,d5c4d8a3-f668-47ac-9541-772467b84d20,,4900 EAGLE ROCK BOULEVARD LOS ANGELES CA 90041,developer,The Panorama Group,"AMCAL Multi-Housing, Inc.",most_recent_wins_canonicalization_review_required,medium,low,value_changed,2026-04-16,2,1,"[""082bd7b9-c0c6-4dbf-9e3d-fc837893fb38""]",costar,3,2026-04-16,2026-04-16T04:19:10.855014+00:00,20930535,"AMCAL Multi-Housing, Inc.","AMCAL Multi-Housing, Inc.",new_registry_entry,,true,
,,200310c5-76ee-4559-8661-f328faf4bb4c,Palmetto Colyton,527 COLYTON STREET LOS ANGELES CA 90013,developer,Thomas Safran & Associates,Bolour,most_recent_wins_canonicalization_review_required,medium,low,value_changed,2026-04-16,1,1,"[""75f798a7-6a12-4f97-8322-c2a8101c7ce3""]",costar,3,2026-04-16,2026-04-16T04:19:10.855014+00:00,9542063,Bolour,Bolour,new_registry_entry,,true,
,,5ec4974a-bc06-4727-9c57-9ce5bae8568f,,1323-1349 SOUTH GRAND AVENUE LOS ANGELES CA 90015,developer,Thomas Safran & Associates,Charles Company,most_recent_wins_canonicalization_review_required,medium,low,value_changed,2026-04-16,1,1,"[""e9c34614-7fac-41f2-8016-aeb5012d3789""]",costar,3,2026-04-16,2026-04-16T04:19:10.855014+00:00,10145830,Charles Company,Charles Company,new_registry_entry,,true,
,,cf6390a9-ed0b-49c2-8553-c9261832ea91,,3900 WEST JEFFERSON BOULEVARD LOS ANGELES CA 90016,developer,Thomas Safran & Associates,Charles Company,most_recent_wins_canonicalization_review_required,medium,low,value_changed,2026-04-16,1,1,"[""e74ee698-b115-4293-b21a-857489a8a2c5""]",costar,3,2026-04-16,2026-04-16T04:19:10.452230+00:00,11608022,Charles Company,Charles Company,new_registry_entry,,true,
,,6fb0cbe7-ba73-42d5-bf46-c93c54c1c0be,1749 N Las Palmas,1749 NORTH LAS PALMAS AVENUE LOS ANGELES CA 90028,developer,Thomas Safran & Associates,Denley Investment & Management Company,most_recent_wins_canonicalization_review_required,high,low,value_changed,2026-04-16,2,1,"[""71df74f6-ac4e-40b9-8c05-66aca9a655a2""]",costar,3,2026-04-16,2026-04-16T04:19:10.855014+00:00,10342690,Denley Investment & Management Company,Denley Investment & Management Company,new_registry_entry,,true,
,,a442e462-8e1d-4c29-a51e-37f8a89b0180,Ruspoli Tower,2321 FLOWER STREET LOS ANGELES CA 90007,developer,Thomas Safran & Associates,G.H. Palmer Associates,most_recent_wins_canonicalization_review_required,medium,low,value_changed,2026-04-16,1,1,"[""5fc41a86-9739-4c48-80ce-287c5b01623d""]",costar,3,2026-04-16,2026-04-16T04:19:10.855014+00:00,13921308,G.H. Palmer Associates,G.H. Palmer Associates,new_registry_entry,,true,
,,816e2f51-2797-417c-9926-888a7d036bb1,The Legacy,6865 SOUTH LA CIENEGA BOULEVARD LOS ANGELES CA 90045,developer,Thomas Safran & Associates,IRC and Associates,most_recent_wins_canonicalization_review_required,medium,low,value_changed,2026-04-16,1,1,"[""e60ae278-13ca-42ae-8f98-a3c3b9a5d04b""]",costar,3,2026-04-16,2026-04-16T04:19:10.855014+00:00,13914640,IRC and Associates,IRC and Associates,new_registry_entry,,true,
,,424e8b86-5a7c-41ee-b139-051d830dff6d,,12575 BEATRICE STREET LOS ANGELES CA 90066,developer,Thomas Safran & Associates,"NSB Associates, Inc.",most_recent_wins_canonicalization_review_required,medium,low,value_changed,2026-04-16,1,1,"[""77409afa-a6d1-4a6e-8ee1-35416e9fdc5f""]",costar,3,2026-04-16,2026-04-16T04:19:10.452230+00:00,11589684,"NSB Associates, Inc.","NSB Associates, Inc.",new_registry_entry,,true,
,,363a426c-9fef-40e7-862e-24ba5906951f,971 S Hoover St,971 SOUTH HOOVER STREET LOS ANGELES CA 90006,developer,Tripalink,TRE Construction,most_recent_wins_canonicalization_review_required,high,low,value_changed,2026-04-01,2,1,"[""f6c6dce6-d174-4092-9c59-6b0f7e760e0b""]",costar,3,2026-04-01,2026-04-16T04:19:10.855014+00:00,10616761,TRE Construction,TRE Construction,new_registry_entry,,true,
,,b5e706b9-21f0-4056-845f-0424a101f5cc,1010 Kenmore,2870 WEST OLYMPIC BOULEVARD LOS ANGELES CA 90006,developer,UC Funds (Foreclosed from LiveWorkCreate),"MaxSum Development, LLC",most_recent_wins_canonicalization_review_required,high,low,value_changed,2025-11-01,2,1,"[""3e22212a-2338-4516-a5da-32644d93e11a""]",costar,3,2025-11-01,2026-04-16T04:19:10.855014+00:00,11107852,"MaxSum Development, LLC","MaxSum Development, LLC",new_registry_entry,,true,
,,804cb56c-e8b5-4c6b-bd89-4c863fa86c40,614-616 S Westmoreland Ave,614-616 SOUTH WESTMORELAND AVENUE LOS ANGELES CA 90005,developer,Umeken USA,Harvest Realty Advisors,most_recent_wins_canonicalization_review_required,high,low,value_changed,2026-04-16,2,1,"[""22adc963-01b6-490d-8893-9d6316c16e7a""]",costar,3,2026-04-16,2026-04-16T04:19:10.855014+00:00,10227972,Harvest Realty Advisors,Harvest Realty Advisors,new_registry_entry,,true,
,,aa792cac-18e5-4faf-b446-fc3e6fbe5cf5,Above,411 SOUTH HEWITT STREET LOS ANGELES CA 90013,developer,Vella Group,Legendary Group,most_recent_wins_canonicalization_review_required,low,low,value_changed,2025-08-01,1,1,"[""c4d036a5-fa0c-412b-8240-6d2bc969d9db""]",costar,3,2025-08-01,2026-04-16T04:19:10.452230+00:00,12775205,Legendary Group,Legendary Group,new_registry_entry,,true,
,,1d75e45f-07c5-4a8d-bab5-a80d3de5c611,The City Market of Los Angeles Retail,1057 SOUTH SAN PEDRO STREET LOS ANGELES CA 90015,developer,Vella Group,Lena Group,most_recent_wins_canonicalization_review_required,medium,low,value_changed,2026-04-16,6,1,"[""c2ee8187-bafd-4a57-85e1-d6f53fd5c5ad""]",costar,3,2026-04-16,2026-04-16T04:19:10.855014+00:00,9267996,Lena Group,Lena Group,new_registry_entry,,true,
,,dd31858b-a619-4bda-9738-d27f4d2e2538,Ascend Hotel Collection Los Angeles,6409 WEST SUNSET BOULEVARD LOS ANGELES CA 90028,developer,Vella Group,NELA Group,most_recent_wins_canonicalization_review_required,medium,low,value_changed,2026-04-16,2,1,"[""d12bf9a3-0bee-4270-836b-f06ffd2cddab""]",costar,3,2026-04-16,2026-04-16T04:19:10.452230+00:00,9776507,NELA Group,NELA Group,new_registry_entry,,true,
,,a779fe8e-d1f4-4ef2-91e5-58f1df24c081,Morrison Hotel Tower,1220-1224 SOUTH HOPE STREET LOS ANGELES CA 90015,developer,Vella Group,Relevant Group,most_recent_wins_canonicalization_review_required,medium,low,value_changed,2026-04-16,2,1,"[""ae0a5c42-7547-42c0-9d73-14fe43885625""]",costar,3,2026-04-16,2026-04-16T04:19:10.855014+00:00,10685374,Relevant Group,Relevant Group,new_registry_entry,,true,
,,8a719a4b-db12-4494-ac7f-e07b93728e57,,1316-1318 LINWOOD AVENUE LOS ANGELES CA 90017,developer,Vella Group,Relevant Group,most_recent_wins_canonicalization_review_required,medium,low,value_changed,2026-04-16,1,1,"[""26e9cd71-ef70-49c6-bf13-b758eda5281c""]",costar,3,2026-04-16,2026-04-16T04:19:10.855014+00:00,11184831,Relevant Group,Relevant Group,new_registry_entry,,true,
,,ce5b911a-429c-46aa-890f-ccb5b1e2af18,,407-413 EAST 5TH STREET LOS ANGELES CA 90013,developer,Vella Group,Relevant Group,most_recent_wins_canonicalization_review_required,medium,low,value_changed,2026-04-16,2,1,"[""00ee4b16-0849-4c28-935c-ee64f46e6bec""]",costar,3,2026-04-16,2026-04-16T04:19:10.855014+00:00,11163851,Relevant Group,Relevant Group,new_registry_entry,,true,
,,493f34b1-3430-4121-900d-d91f2fb6c1e2,,4219-4227 SOUTH BROADWAY LOS ANGELES CA 90037,developer,Vella Group,Relevant Group,most_recent_wins_canonicalization_review_required,medium,low,value_changed,2026-04-16,1,1,"[""b3e02f6a-7b4d-4443-9e34-73c79ba7783c""]",costar,3,2026-04-16,2026-04-16T04:19:10.855014+00:00,11336019,Relevant Group,Relevant Group,new_registry_entry,,true,
,,94d68ac1-d276-4707-8b8e-b22096305246,Selma Wilcox Hotel,6421 SELMA AVENUE LOS ANGELES CA 90028,developer,Vella Group,Relevant Group,most_recent_wins_canonicalization_review_required,medium,low,value_changed,2026-04-16,1,1,"[""48bfbf37-0110-41f4-9c0f-c8b7059016d0""]",costar,3,2026-04-16,2026-04-16T04:19:10.452230+00:00,11056668,Relevant Group,Relevant Group,new_registry_entry,,true,
,,a0ebc1e9-5e23-4ad2-b38b-c220227aa6bd,Gensler Designed Project,WEST 3RD STREET LOS ANGELES CA 90013,developer,Vella Group,Relevant Group,most_recent_wins_canonicalization_review_required,medium,low,value_changed,2026-04-16,1,1,"[""a3f6aef9-129e-41ac-b878-e26f3f4b863f""]",costar,3,2026-04-16,2026-04-16T04:19:10.855014+00:00,12363500,Relevant Group,Relevant Group,new_registry_entry,,true,
,,b8152713-355b-47be-994a-d40cc9a46fc7,401 S Western Ave,401 SOUTH WESTERN AVENUE LOS ANGELES CA 90020,developer,WS Communities,"AZ MANAGEMENT & INVESTMENTS, LLC",most_recent_wins_canonicalization_review_required,high,low,value_changed,2026-04-16,18,1,"[""eb03de38-9123-494d-92bd-d2db046d8dc8""]",costar,3,2026-04-16,2026-04-16T04:19:10.855014+00:00,10896192,"AZ MANAGEMENT & INVESTMENTS, LLC","AZ MANAGEMENT & INVESTMENTS, LLC",new_registry_entry,,true,
,,798e7858-1cb5-435c-8157-cad21d25265d,,338 NORTH MATHEWS STREET LOS ANGELES CA 90033,developer,WS Communities,Abode Communities,most_recent_wins_canonicalization_review_required,medium,low,value_changed,2026-04-16,1,1,"[""bdb41284-cca4-4e93-9663-efd8a3202d96""]",costar,3,2026-04-16,2026-04-16T04:19:10.855014+00:00,20947224,Abode Communities,Abode Communities,new_registry_entry,,true,
,,8ee31923-bbb8-4233-b17f-66f14418ad91,Grandview Apartments,714 SOUTH GRAND VIEW STREET LOS ANGELES CA 90057,developer,WS Communities,Abode Communities,most_recent_wins_canonicalization_review_required,medium,low,value_changed,2026-04-16,14,1,"[""aa1af673-2bc3-46be-abad-7509e1a83725""]",costar,3,2026-04-16,2026-04-16T04:19:10.855014+00:00,10820342,Abode Communities,Abode Communities,new_registry_entry,,true,
,,17863b6c-d6eb-454a-803e-fef68da41397,,1301 NORTH ALEXANDRIA AVENUE LOS ANGELES CA 90027,developer,WS Communities,"Advanced Properties, LLC",most_recent_wins_canonicalization_review_required,medium,low,value_changed,2026-04-16,1,1,"[""f525fe37-2606-4dd8-8208-aaa4110435a8""]",costar,3,2026-04-16,2026-04-16T04:19:10.855014+00:00,20833317,"Advanced Properties, LLC","Advanced Properties, LLC",new_registry_entry,,true,
,,3c915072-aab0-4c30-a6f5-6a389cb88cb4,West LA Commons,11346 IDAHO AVENUE LOS ANGELES CA 90025,developer,WS Communities,"AvalonBay Communities, Inc.",most_recent_wins_canonicalization_review_required,medium,low,value_changed,2026-04-16,1,1,"[""3c453a54-e6f4-42c2-aabe-6cfdac811291""]",costar,3,2026-04-16,2026-04-16T04:19:10.855014+00:00,18923056,"AvalonBay Communities, Inc.","AvalonBay Communities, Inc.",new_registry_entry,,true,
,,4ce05f37-8aff-4ab5-95c4-8f8a9033e7c0,Hotel101 - Los Angeles,LOS ANGELES CA 90057,developer,WS Communities,DoubleDragon Properties Corp.,most_recent_wins_canonicalization_review_required,medium,low,value_changed,2026-04-16,1,1,"[""68242adc-697f-41d1-9290-a81e7b3a9d57""]",costar,3,2026-04-16,2026-04-16T04:19:10.452230+00:00,19231552,DoubleDragon Properties Corp.,DoubleDragon Properties Corp.,new_registry_entry,,true,
,,e7bf6bb5-8979-4b71-8d84-4158f8ad7d4d,,3200 NORTH FIGUEROA STREET LOS ANGELES CA 90065,developer,WS Communities,Downtown Properties,most_recent_wins_canonicalization_review_required,medium,low,value_changed,2026-04-16,3,1,"[""4cbfd52c-9d22-4e87-b4da-4414a2e201c0""]",costar,3,2026-04-16,2026-04-16T04:19:10.855014+00:00,15608318,Downtown Properties,Downtown Properties,new_registry_entry,,true,
,,da0f3af2-4851-4115-80ad-168b2c0cc31f,Link Apartments Korella,950 SOUTH BERENDO STREET LOS ANGELES CA 90006,developer,WS Communities,"Dream Realty & Investments, Inc",most_recent_wins_canonicalization_review_required,high,low,value_changed,2026-04-16,2,1,"[""b1260c21-16e7-41a7-a992-3e2c2f91d8f5""]",costar,3,2026-04-16,2026-04-16T04:19:10.855014+00:00,10820688,"Dream Realty & Investments, Inc","Dream Realty & Investments, Inc",new_registry_entry,,true,
,,babf9bb0-6fb3-4351-b024-f307a3ce0ef1,,3700-3772 MARTIN LUTHER KING JR BOULEVARD LOS ANGELES CA 90008,developer,WS Communities,Fred Leeds Properties,most_recent_wins_canonicalization_review_required,medium,low,value_changed,2026-04-16,1,1,"[""4b2219a8-24a1-4535-ac80-6984ca4f8fdd""]",costar,3,2026-04-16,2026-04-16T04:19:10.452230+00:00,11247456,Fred Leeds Properties,Fred Leeds Properties,new_registry_entry,,true,
,,773452f7-10a1-4e37-8c49-4f17c99e8e8b,Link Apartments Vine,1200 NORTH VINE STREET LOS ANGELES CA 90038,developer,WS Communities,Grubb Properties,most_recent_wins_canonicalization_review_required,high,low,value_changed,2026-04-16,2,1,"[""b11bee0a-68c8-47f1-8b2d-e261ad1e73c1""]",costar,3,2026-04-16,2026-04-16T04:19:10.855014+00:00,15143878,Grubb Properties,Grubb Properties,new_registry_entry,,true,
,,4541cb80-cf85-43a4-8b1b-aeac073776ed,Link Solana,1353 NORTH WESTERN AVENUE LOS ANGELES CA 90027,developer,WS Communities,Grubb Properties,most_recent_wins_canonicalization_review_required,high,low,value_changed,2026-04-16,2,1,"[""837c59bc-4b6c-4b7c-bf5f-7a04b0828b8e""]",costar,3,2026-04-16,2026-04-16T04:19:10.855014+00:00,20806108,Grubb Properties,Grubb Properties,new_registry_entry,,true,
,,d17f26f2-eeb8-4a11-91ef-b7bd2bbfdfb6,Steps on St. Andrews,1808 SOUTH ST ANDREWS PLACE LOS ANGELES CA 90019,developer,WS Communities,Holos Communities,most_recent_wins_canonicalization_review_required,medium,low,value_changed,2026-04-16,1,1,"[""89da1ad2-a003-4f24-b6fa-1b17f5cbc13b""]",costar,3,2026-04-16,2026-04-16T04:19:10.452230+00:00,20307571,Holos Communities,Holos Communities,new_registry_entry,,true,
,,0b9837af-6c3b-42da-b2ce-96f2dbabdbd1,Loma Verde,405 NORTH WESTLAKE AVENUE LOS ANGELES CA 90026,developer,WS Communities,Holos Communities,most_recent_wins_canonicalization_review_required,medium,low,value_changed,2026-04-16,28,1,"[""3eced478-ae5d-44aa-9adf-34ad9ea9f6d3""]",costar,3,2026-04-16,2026-04-16T04:19:10.855014+00:00,20961709,Holos Communities,Holos Communities,new_registry_entry,,true,
,,7107c921-397d-4a13-bc5f-3e72563b6d1a,,6050 WEST SUNSET BOULEVARD LOS ANGELES CA 90028,developer,WS Communities,"Hudson Pacific Properties, Inc.",most_recent_wins_canonicalization_review_required,medium,low,value_changed,2026-04-16,1,1,"[""bab9421a-ed79-4222-aa36-32638e591108""]",costar,3,2026-04-16,2026-04-16T04:19:10.452230+00:00,11406926,"Hudson Pacific Properties, Inc.","Hudson Pacific Properties, Inc.",new_registry_entry,,true,
,,98012028-2a36-48fe-8337-47df6207064e,The Standard at Los Angeles,3900 SOUTH FIGUEROA STREET LOS ANGELES CA 90037,developer,WS Communities,Landmark Properties,most_recent_wins_canonicalization_review_required,medium,low,value_changed,2026-04-16,31,1,"[""1b7e2ae5-f771-4ab5-ae8e-ce500734b6c0""]",costar,3,2026-04-16,2026-04-16T04:19:10.452230+00:00,11046003,Landmark Properties,Landmark Properties,new_registry_entry,,true,
,,66967521-6be4-4bea-a599-b6b3c4fec1fb,Unnamed Hotel @ Los Angeles Int Airport,5300 WEST CENTURY BOULEVARD LOS ANGELES CA 90045,developer,WS Communities,Miracle Mile,most_recent_wins_canonicalization_review_required,medium,low,value_changed,2026-04-16,3,1,"[""a086ef9f-6d1d-44dc-acb2-b4258792eae4""]",costar,3,2026-04-16,2026-04-16T04:19:10.452230+00:00,11303953,Miracle Mile,Miracle Mile,new_registry_entry,,true,
,,853907a5-1c19-4386-81d6-5f968aadbc65,Ninth & Olive,845 SOUTH OLIVE STREET LOS ANGELES CA 90014,developer,WS Communities,National Properties,most_recent_wins_canonicalization_review_required,medium,low,value_changed,2026-04-16,1,1,"[""4a61365a-0a37-4b22-bf41-b24f10d24af0""]",costar,3,2026-04-16,2026-04-16T04:19:10.855014+00:00,10182305,National Properties,National Properties,new_registry_entry,,true,
,,c5909159-b43d-405f-8fa6-5fd462238f4a,10400 Santa Monica Blvd,10400 SANTA MONICA BOULEVARD LOS ANGELES CA 90025,developer,WS Communities,Nayssan Properties,most_recent_wins_canonicalization_review_required,high,low,value_changed,2026-04-16,2,1,"[""8f1921cc-867a-4783-95d6-852c4e697172""]",costar,3,2026-04-16,2026-04-16T04:19:10.855014+00:00,10192091,Nayssan Properties,Nayssan Properties,new_registry_entry,,true,
,,e436c176-239c-49a3-a968-78af91038d8d,Hydrogen 1,11061-11079 WEST PICO BOULEVARD LOS ANGELES CA 90064,developer,WS Communities,NexCore Properties LLC,most_recent_wins_canonicalization_review_required,medium,low,value_changed,2026-04-16,1,1,"[""85bedf76-24f5-4bed-b835-d485b5bbdbed""]",costar,3,2026-04-16,2026-04-16T04:19:10.452230+00:00,13885787,NexCore Properties LLC,NexCore Properties LLC,new_registry_entry,,true,
,,d3b1bfcf-8ffa-42eb-a9b3-924f947e8f0c,,2716-2724 JAMES M WOOD BOULEVARD LOS ANGELES CA 90006,developer,WS Communities,Ravivo Kaofman,most_recent_wins_canonicalization_review_required,medium,low,value_changed,2026-04-16,1,1,"[""20e6e19d-2242-45f4-9855-e6d798d0ed27""]",costar,3,2026-04-16,2026-04-16T04:19:10.855014+00:00,11529329,Ravivo Kaofman,Ravivo Kaofman,new_registry_entry,,true,
,,1aff5565-ea7f-4a5a-9f9c-6546159f4ab3,,1635-1639 NORTH MAIN STREET LOS ANGELES CA 90012,developer,WS Communities,Redcar Properties LTD,most_recent_wins_canonicalization_review_required,medium,low,value_changed,2026-04-16,1,1,"[""90dda28e-98a8-4d3f-a794-5d0403a2f8d6""]",costar,3,2026-04-16,2026-04-16T04:19:10.452230+00:00,12638865,Redcar Properties LTD,Redcar Properties LTD,new_registry_entry,,true,
,,449f8f6b-b1d8-4cf2-a9b6-abc9d7dcb43e,,1122-1136 ROXBURY DRIVE LOS ANGELES CA 90035,developer,WS Communities,Rosenblatt Properties,most_recent_wins_canonicalization_review_required,medium,low,value_changed,2026-04-16,1,1,"[""465b94c5-7cbf-4213-9847-10ed63763838""]",costar,3,2026-04-16,2026-04-16T04:19:10.855014+00:00,11193246,Rosenblatt Properties,Rosenblatt Properties,new_registry_entry,,true,
,,af2ad943-44b3-487f-a4ae-405204956c2a,,1000 SOUTH MATEO STREET LOS ANGELES CA 90021,developer,WS Communities,SRG Properties,most_recent_wins_canonicalization_review_required,medium,low,value_changed,2026-04-16,3,1,"[""392ef4d6-3c76-4a23-9559-bef6f4f83616""]",costar,3,2026-04-16,2026-04-16T04:19:10.452230+00:00,11115559,SRG Properties,SRG Properties,new_registry_entry,,true,
,,d2449e9d-2bfb-40a0-9623-feb94a191ce0,Jacent,6733 SOUTH SEPULVEDA BOULEVARD LOS ANGELES CA 90045,developer,WS Communities,Sandstone Properties,most_recent_wins_canonicalization_review_required,medium,low,value_changed,2026-04-09,12,1,"[""15eccb3f-26c7-4247-8745-e4573d1e6768""]",costar,3,2026-04-01,2026-04-16T04:19:10.855014+00:00,9709771,Sandstone Properties,Sandstone Properties,new_registry_entry,,true,
,,65e19ec1-661d-435a-9ed1-7ed53866629e,Bedford 46,1446 SOUTH BEDFORD STREET LOS ANGELES CA 90035,developer,WS Communities,Trion Properties,most_recent_wins_canonicalization_review_required,medium,low,value_changed,2026-04-16,4,1,"[""d2a3b26c-836c-4277-b94f-8724126d366d""]",costar,3,2026-04-16,2026-04-16T04:19:10.855014+00:00,11541844,Trion Properties,Trion Properties,new_registry_entry,,true,
,,dc169080-67bf-4e28-acc8-491627270fbd,,2806 WEST 7TH STREET LOS ANGELES CA 90005,developer,WS Communities,Z & L Properties,most_recent_wins_canonicalization_review_required,medium,low,value_changed,2026-04-16,1,1,"[""c0f4d843-66b7-45a0-b6ec-31c2654367a3""]",costar,3,2026-04-16,2026-04-16T04:19:10.855014+00:00,10546820,Z & L Properties,Z & L Properties,new_registry_entry,,true,
,,233548c7-8e39-4960-8a87-337fdb7638bc,Luca Reyes Apartments,1724 PENNSYLVANIA AVENUE LOS ANGELES CA 90033,developer,"Westmoreland Los Angeles, LLC,",East LA Community Corporation,most_recent_wins_canonicalization_review_required,medium,low,value_changed,2026-04-16,1,1,"[""337e227f-4ca8-4fbe-b1cd-9e20b235f652""]",costar,3,2026-04-16,2026-04-16T04:19:10.855014+00:00,10583504,East LA Community Corporation,East LA Community Corporation,new_registry_entry,,true,
,,f199b28f-da80-4b59-8741-c1ef98eeee0b,,900-908 NORTH ALVARADO STREET LOS ANGELES CA 90026,developer,"Westward Ventures, LLC",Local Development,most_recent_wins_canonicalization_review_required,medium,low,value_changed,2026-04-16,1,1,"[""1a6789b0-9625-492c-8427-8d84b49ac514""]",costar,3,2026-04-16,2026-04-16T04:19:10.855014+00:00,12832669,Local Development,Local Development,new_registry_entry,,true,
,,7154c65b-031f-43fb-badc-aa86e1c2e9d0,PATH Villas Winsor Hills,4615 WEST SLAUSON AVENUE LOS ANGELES CA 90043,developer,"Westward Ventures, LLC",PATH Ventures,most_recent_wins_canonicalization_review_required,medium,low,value_changed,2026-04-16,1,1,"[""3636bdcf-4f0d-45d7-9821-357a047726e2""]",costar,3,2026-04-16,2026-04-16T04:19:10.855014+00:00,21755915,PATH Ventures,PATH Ventures,new_registry_entry,,true,
,,81e80201-5601-4d84-a7eb-99e16d3d2195,Bethany - Phase I,8411 SOUTH HOOVER STREET LOS ANGELES CA 90044,developer,"Westward Ventures, LLC",PATH Ventures,most_recent_wins_canonicalization_review_required,medium,low,value_changed,2026-04-16,1,1,"[""d8cb7798-8da0-4dce-a144-e3c833719cd2""]",costar,3,2026-04-16,2026-04-16T04:19:10.855014+00:00,10956155,PATH Ventures,PATH Ventures,new_registry_entry,,true,
,,fcdc9c03-917d-4ca3-8aaa-3c70e644c312,4th & Hill,350 SOUTH HILL STREET LOS ANGELES CA 90013,developer,Wiseman Residential,Equity Residential,most_recent_wins_canonicalization_review_required,medium,low,value_changed,2026-04-16,1,1,"[""d4e069bf-1120-4123-b126-626523102a33""]",costar,3,2026-04-16,2026-04-16T04:19:10.855014+00:00,9608983,Equity Residential,Equity Residential,new_registry_entry,,true,
,,a7b880b2-ac86-4a54-b626-cc619e01caf4,Lunelle Apartments,6506 ARIZONA AVENUE LOS ANGELES CA 90045,developer,Wiseman Residential,Fairfield Residential,most_recent_wins_canonicalization_review_required,medium,low,value_changed,2026-04-16,1,1,"[""6a2b8fba-217c-4895-ae8c-a96d96e7af2c""]",costar,3,2026-04-16,2026-04-16T04:19:10.855014+00:00,20965985,Fairfield Residential,Fairfield Residential,new_registry_entry,,true,
,,4ccfc237-3dd8-4f91-97dd-40df6e21346e,Hollywood & Gower,6100 WEST HOLLYWOOD BOULEVARD LOS ANGELES CA 90028,developer,Wiseman Residential,High Street Residential,most_recent_wins_canonicalization_review_required,medium,low,value_changed,2026-04-16,1,1,"[""cdf89f75-81eb-4663-844e-33b6ef645542""]",costar,3,2026-04-16,2026-04-16T04:19:10.855014+00:00,10545306,High Street Residential,High Street Residential,new_registry_entry,,true,
,,d5d1611c-a270-4b62-9ba2-640a3ed17d64,,5416-5430 CARLTON WAY LOS ANGELES CA 90027,developer,Wiseman Residential,ROM Residential,most_recent_wins_canonicalization_review_required,medium,low,value_changed,2026-04-16,1,1,"[""abf59d7e-df4d-4f8c-b121-e90b20fabb30""]",costar,3,2026-04-16,2026-04-16T04:19:10.855014+00:00,21038520,ROM Residential,ROM Residential,new_registry_entry,,true,
,,6292f2e7-2698-43a3-8991-e11bdec8e23e,,1445-1447 SOUTH REDONDO BOULEVARD LOS ANGELES CA 90019,developer,YM Homes,Thomas James Homes,most_recent_wins_canonicalization_review_required,medium,low,value_changed,2026-04-01,1,1,"[""f6ec12cb-3e45-4138-82b7-b5df7890c5d0""]",costar,3,2026-04-01,2026-04-16T04:19:10.855014+00:00,21516788,Thomas James Homes,Thomas James Homes,new_registry_entry,,true,
,,237926d9-4e84-406e-a40f-4ea11073fdad,Harmony,942 NORTH BROADWAY LOS ANGELES CA 90012,developer,YM Homes,Townline Homes Inc.,most_recent_wins_canonicalization_review_required,low,low,value_changed,2025-08-01,1,1,"[""eb4cebe8-de06-4197-91bc-addeb95376f1""]",costar,3,2025-08-01,2026-04-16T04:19:10.855014+00:00,10711155,Townline Homes Inc.,Townline Homes Inc.,new_registry_entry,,true,
,,bb072505-5200-465c-b6bd-01d29075b306,,1255 NORTH BEACHWOOD DRIVE LOS ANGELES CA 90038,developer,YM Homes,Vesta Custom Homes LLC,most_recent_wins_canonicalization_review_required,low,low,value_changed,2025-05-01,1,1,"[""014c7014-0235-4704-8a70-f8277071320a""]",costar,3,2025-05-01,2026-04-16T04:19:10.855014+00:00,11227451,Vesta Custom Homes LLC,Vesta Custom Homes LLC,new_registry_entry,,true,
